  Ing;   Taryn;  Davis; 13; 614545247;  None;  None  
  Ing;   Oran;  Winters; 51; 653474184;  None;  None  
  Bc;   Zahid;  Miles; 41; 945321999;  None;  None  
  Phd;   Fiona;  Stafford; 32; 569838495;  	None;  None  
  None;   Taslima;  Pruitt; 53; 914387103;  None;  None  
  Ing;   Linda;  Betts; 21; 155071161;  None;  None  
  Bc;   Carly;  Guerrero; 44; 154564966;  None;  None  
  Ing;   Reon;  Doherty; 36; 908060536;  None;  None  
  None;   Shay;  Day; 42; 589858019;  None;  None  
  Phd;   Emma;  Corona; 44; 494299873;  None;  None  
  Ing;   Gertrude;  Craft; 21; 409842913;  None;  None  
  Bc;   Jess;  Holder; 68; 39686917;  None;  None  
  Bc;  Riley;  Meadows; 39; 70308201;  None;  None  
  Phd;   Amelie;  Soto; 27; 325363033;  None;  None  
  Ing;   Arnie;  Davies; 62; 530122990;  None;  None  
  Bc;   Inaya;  Barclay; 83; 438071205;  None;  None  
  Ing;   Abdulrahman;  Parry; 51; 969747772;  None;  None  
  Bc;  Jolie;  Keller; 42; 319523746;  None;  None  
  Ing;   Mari;  Clay; 31; 607611825;  None;  None  
  Ing;   Ayub;  Hoover; 53; 345215814;  None;  None  
  Bc;   Natan;  Fischer; 35; 851821141;  None;  None  
  None;   Mikael;  Kirkland; 13; 656730936;  None;  None  
  Phd;   Alina;  Ayers; 34; 166788881;  None;  None  
  None;   Devan;  Allman; 72; 411444700;  None;  None  
  Bc;   Ellie;  Tang; 42; 712337854;  None;  None  
